idGame;d1/d2;d2/d3;d3/d4;d4/d5;d5/d6;d6/d7;d7/d8;d8/d9;d9/d10;d10/d11;d11/d12;d12/d3;d13/d14;d14/d15;d15/d16;d16/d17;d17/d18;d18/d19;d19/d20
8201;291385;59141;194947;266813;82530;115390;122496;17821;7458;2961;10624;1529;1112;914;1441;605;627;806;692
8202;3813745;161334;562671;1671879;290822;1085557;1949018;17300;25744;8742;5274;3771;2663;1460;2734;1782;1036;1256;1087
8211;546339;807104;77264;982950;409274;206230;753959;50035;8532;5605;4963;1409;1157;1967;1987;829;707;1254;1041
2072;1156576;455926;528427;454729;324286;196357;355173;492339;9418;5579;4473;4230;2594;3493;3355;1691;1986;2241;1936
8220;2298312;342349;1609828;2298147;3499143;1216834;3028530;1032670;27933;12949;12410;6822;5692;7555;4614;7024;4323;3496;4331
8221;1200552;484166;345915;553405;796897;283224;203224;59734;52153;22381;28394;27882;19624;18955;10261;10314;8347;9709;8778
2084;653927;558492;73704;717602;98274;33827;23201;344911;23906;2034;6508;3274;3452;2510;1764;2602;659;1854;1022
8230;1702992;16521;379460;733567;1430614;140433;50485;15707;12624;5202;4490;3297;2259;1582;1103;1424;1255;1759;1109
8231;6788368;1804229;1325095;2204799;2871573;7395546;296428;82877;39503;32379;17057;17896;13976;16576;9823;10411;5942;5308;5207
8238;65457;100159;748630;14151;110828;826580;73128;16654;9200;1872;2665;1568;1212;949;543;916;1044;797;1303
4143;2287878;321423;1561562;1063497;1326917;377037;389988;72787;60780;28728;20841;16720;10434;10644;12517;14923;7679;8380;7651
4144;15739227;14822445;1034854;678473;471505;163420;116005;769142;11922861;14967318;194378;23105634;47670;28601;82428;513038;270996;8849561;26347229
8248;1530933;224901;446761;1279082;538111;989220;83421;66616;34411;24968;20576;20190;15994;15190;12465;11484;9253;6868;7428
5177;836822;549441;83513;123227;398663;147749;32560;41698;14634;4949;11633;4149;4225;5042;3195;2031;2139;1750;1527
8249;1565678;132815;27928;645884;295761;1088340;521458;12494;8426;4110;3037;1540;2288;1911;1109;690;610;673;715
8258;668504;151028;194093;529415;58663;258891;31499;18896;12699;6333;4223;3466;2869;3322;3032;3437;1980;1786;1907
1097;162260;18645;198750;11296;125585;153575;9686;9824;87213;2202;1541;418;738;884;878;658;693;528;566
1098;1535612;136522;416654;1191410;793241;169053;96891;388072;83459;76144;34935;37142;22066;22857;19787;9448;4812;13189;21320
1099;319318;93590;98720;254387;178769;63651;48775;60444;23660;16750;17877;10874;10707;13482;6704;2690;1929;1983;2733
8268;215784;93030;82869;210787;131805;11364;8797;3657;5077;4868;4199;1936;2131;1596;4842;1699;1426;782;740
8269;2288461;927937;681536;821586;1354768;1788626;1453263;177047;97828;66767;42582;31587;17727;19579;6620;16773;8641;7669;5693
1104;4313697;1554729;818067;1004899;1251619;1129621;95039;97963;35398;20865;21780;19751;11742;7460;10713;9459;3868;6321;6995
1105;3550168;862446;1879327;2495145;1575283;2012657;876284;604486;59786;35632;28094;27011;15311;28239;745291;8027488;188367;12619859;10243
6226;1100071;138488;166878;598383;609860;661911;40337;33849;16779;18560;14550;6786;6740;5455;4427;6068;3738;3704;6591
4179;1317406;766651;828814;1648527;718444;1607582;1059374;373091;125207;56637;67808;83726;106688;25527;32866;14942;19707;31756;29141
5203;984127;150542;171325;54358;514918;237895;114488;107571;11411;2777;5709;4346;2929;2270;2069;1538;2947;1595;1467
4180;928608;513137;698993;1375678;418511;392336;322178;327535;399357;218353;66263;46675;22179;31321;64566;70361;30627;57199;60056
5206;62693;13775;36645;35859;103416;14143;37776;75299;5126;2544;2011;3897;1578;1796;1221;1076;1106;591;482
8278;1722620;116420;593768;2108784;434246;337548;593809;241342;112094;70262;38096;31049;30450;30508;30692;18005;26340;12861;24091
8288;504880;26208;30983;455472;44811;28104;33430;20306;10998;4900;3572;2516;1362;1143;1937;1083;1334;929;875
6242;3438640;947097;779357;2136163;433658;227074;2015932;167787;45229;30890;23805;9543;4198;7192;4661;4117;3971;4211;4089
6243;1003944;526173;407948;796329;1204449;430096;123767;157049;79787;39958;32600;23067;21010;12581;21301;16734;10196;9023;17994
6245;1060946;157828;243704;568916;443839;63238;212679;149553;63980;16513;12337;10072;8674;6429;5994;2935;2466;4653;3537
8296;2016475;235182;155117;702378;492236;1005530;1253999;55763;6193;9186;6166;5228;2920;5835;6825;4214;4548;8464;2175
8297;1054941;80449;402608;157030;454431;769212;20325;22304;15327;9532;4654;12126;4339;3689;3026;2110;2324;1224;1797
5231;782685;155514;216335;536037;129994;51817;23463;20112;20466;6745;5420;3304;2587;2892;2811;2004;2435;2250;2172
8306;2311417;539781;946791;1090984;798670;1630284;365972;601466;38330;26700;18830;20382;10603;13266;9661;8586;10118;11230;9829
8307;182560;80636;238528;372267;491559;152320;76835;42606;13852;4986;7330;5015;2608;2292;1249;947;729;1631;1322
6260;684303;284790;565968;320155;123752;149928;30595;38855;16942;17615;16375;8579;5183;5601;6936;3675;6975;5316;10194
8308;1183985;507096;311387;380943;609537;264618;288179;86567;89022;19375;51562;52195;16362;90199;70091;122311;26637;59478;132993
6261;389893;748050;254820;279514;738459;141755;38432;82200;31075;15645;8702;11895;13462;7792;7820;8537;4643;6862;2991
2166;3773232;231399;520161;338872;827750;979786;2869898;1322372;195587;21444;38507;144549;13401;9970;10485;4983;10229;6698;9474
6262;777039;600600;445175;344962;720414;632890;143313;14755262;37873;72008;14593569;26412204;14499530;21209;12366;15229;12782002;9688;12678938
2167;585390;267712;269680;717143;841394;355468;244502;97703;20588;11447;11299;7709;7240;6426;4556;4992;2598;2519;3787
4215;1184911;615999;1604596;2133553;743893;690901;165001;156002;72286;38076;41187;36674;18669;13777;12423;10152;10773;11242;9307
4216;1348115;667717;534706;941718;843973;1234183;253276;322141;67110;18903;34230;44505;58206;19580;35010;38681;6838;7756;12005
6264;3896203;852480;342015;1531068;1825529;1835902;1173450;119942;60911;53044;57065;16992;13699;15217;9025;41070;9224;29695;10286
6265;1477464;334235;269554;317996;425989;126177;711316;41476;27023;15622;31667;9624;11353;12743;8361;9667;10292;6738;4482
6266;312961;371977;533638;410829;339331;255515;191047;129718;95128;35457;41880;22923;19839;12974;9910;8652;25301;78999;9610
8316;502960;114063;470356;325658;628160;185790;177923;593093;8020;9811;4508;2903;3545;2781;2648;1969;3145;2143;1650
4227;588937;392662;179954;508660;152180;138662;38337;29102;19705;14606;6491;7240;8603;2995;5025;5531;3144;3632;3581
4228;702063;288789;362216;502751;691788;339720;471156;73716;43734;20915;50629;10302;8651;9775;7211;3561;3709;2481;3790
5253;1588837;598592;324295;1095121;712186;476967;146059;33641;14035;13001;6841;2816;3003;2970;3659;3668;2200;1879;1687
8326;1139925;244075;448515;344149;369598;215068;605407;25014;17349;7778;7859;4691;4097;4899;4804;3513;4451;4277;5000
8327;3696319;354170;372817;829790;1728936;1015588;1556320;36492;10659;11551;11171;2670;4378;1317;2359;1100;1332;907;1205
6286;22402;135647;85460;10028;56474;10018;4160;1633;3998;1335;1623;1272;1082;1419;2335;2142;660;924;774
6287;2143421;1393544;1007276;780417;1324980;257211;989915;128469;73615;31521;35192;15331951;46733444;14805;11831;12746;10509;6121;7003
6288;281265;101688;526159;671762;325835;135245;94915;215750;131277;309693;60041;365439;624253;337271;8962553;5853493;13592777;15475639;22217609
8336;1722816;735888;1574000;1030410;622296;1845770;146742;164218;188679;54291;39848;27935;62554;24471;24062;34189;19945;9981;7400
6289;1271242;203970;548087;854982;722558;299791;170639;377258;13583;9652;6243;4316;3383;3580;2854;1727;2374;2210;1766
8337;1816217;1653795;200051;504029;355466;727974;227433;56772;125019;11635;12702;6320;6325;5657;3526;4761;4681;3061;4147
8338;505156;151515;36725;148284;182966;101171;55882;26236;18406;15805;22967;7264;3060;1269;2398;1761;1294;980;1092
153;1681557;414388;319463;1245204;394930;269418;145969;136894;51356;25321;19574;15306;14268;20320;11031;15026;8014;12556;7509
8346;729764;73023;212666;262668;243286;186382;39759;15715;22401;6205;5402;5764;2689;3328;13248;2505;7515;3171;3959
8347;3377611;43820;436900;378894;2704355;516007;2187758;78173;116040;16236;28608;10855;17117;16794;10356;10569;8797;11228;3931
8354;995737;391794;242679;486523;831512;604136;863635;527423;68092;50929;35513;20435;13949;67561;26121;9155;3841;4918;4313
1187;2594653;106587;556503;640154;438386;360033;1698814;26428;12761;3092;5193;3074;1609;1990;1780;3018;1209;1454;1836
6308;668908;35253;22648;15127;590091;8266;5314;5336;5964;1145;843;770;561;807;799;372;616;827;332
6309;1019382;78534;256804;836861;745775;121433;262524;30100;15744;36428;15223;106733;33892;23921;11464;5489;5938;6115;3624
6310;4310161;330276;2325078;5814829;1000302;3745743;563238;737243;1228813;16032479;15187985;562125;645533;9826829;28203089;10247981;294443;849957;1601131
6311;383109;52434;87712;215409;86633;44631;42592;27462;19626;8590;12368;5995;3007;3176;3172;2893;2732;3133;2906
6312;2808384;663910;567264;1202671;1190389;1648472;439609;506585;589282;310964;292438;9556876;11384135;10289;379675;966631;131635;13064;1205261
6313;7433225;3630829;2382811;5125272;3668283;3512667;2198224;609339;205701;56914;102848;47796;74840;40497;32619;23132;22691;22689;20112
8364;702452;181244;323408;402082;293370;280178;344650;141477;26881;21309;14397;12446;5445;3432;3749;10909;3046;4711;6208
4269;1587307;73024;562325;803229;49728;16002;10176;9008;7276;3299;5127;1865;1906;1714;1788;2201;1477;1034;3192
4270;337863;157499;116790;101969;108980;222188;26046;13499;6155;6132;4718;2348;2278;2534;2185;1343;1543;1579;1353
4275;1970979;876518;1370540;2637109;887027;1424776;700333;387750;69609;32675;27008;19818;17547;22697;26752;12840;13142;6688;14927
4276;596158;558360;258108;245441;148683;197374;86854;86872;16604;12256;6594;5656;4621;5592;4782;3201;3101;3142;3697
8374;180794;66258;157487;108271;436555;68829;279559;254539;189134;10472;10360;3834;2127;1744;1547;1642;1645;860;1587
3255;887629;401136;672839;1901794;1431239;277094;1087344;494845;107627;40839;12378;17259;10221;5843;11166;10755;5371;7452;4322
1209;1382396;425527;2048775;3330872;730104;716536;305190;153844;131445;111585;45186;83628;27014;35153;28131;19191;14844;15156;17732
1210;1280544;108549;556565;581729;478145;222833;425157;141924;30463;24593;11473;8541;10922;7981;9525;5228;5370;2798;5235
4283;1303090;153027;226412;763542;601576;277391;368543;89157;24576;32184;16235;11616;11127;9593;11250;7813;5014;4439;4353
6331;285703;13694;29163;144401;298849;133382;74162;6061;13998;2518;4379;2498;1554;2651;2622;1381;776;542;1475
6332;783895;100933;1029165;1856083;638876;732463;616126;283466;30385;12865;13730;14375;6719;3696;3666;4403;4982;3341;2653
3261;963664;579375;876754;965085;644952;414840;254433;304032;9989467;16503090;14770027;9037628;14061605;7500007;4205327;7744035;909123;1695452;867088
6333;598962;136444;127659;917547;230425;532545;244214;19277;18419;7659;6468;10583;5865;4931;4467;3380;2357;2704;2765
6334;2599595;828139;1597409;2419024;1340344;401395;181473;107578;98365;39361;50607;23399;45263;15491;22204;22036;13921;9230;21937
4287;1085999;425170;241534;296933;1103641;59207;28841;31562;7906;3956;3659;2900;2837;2393;2019;3074;1073;1686;2139
6335;221920;175148;12405;24956;20105;63182;10955;13105;4395;3460;1503;1331;532;1393;804;667;880;858;855
4288;660500;154369;423247;515004;395287;84557;30910;34617;16948;5951;9833;4180;2410;2375;1142;1005;834;1190;1443
6336;526468;77104;762727;624880;242398;215465;54231;29883;24476;14506;8606;6955;3706;4591;5925;4862;5648;2263;3762
8384;1837185;320068;768233;579459;968188;1605130;1221957;167655;41283;173668;31390;14602;37207;5620;8336;17525;5244;4118;4756
6337;1241191;988693;1279879;992497;1816359;893384;391298;260284;392525;341868;19825377;61043;36202;41227;23934;24001;33902;63053;29539
3270;2142250;54669;225534;435708;637738;631849;391168;55100;23666;11842;8797;8589;3719;6855;4799;4706;4144;3488;2989
1225;905915;39654;556000;427885;60776;507615;130015;72292;17776;14598;18009;11232;7221;8189;6433;6928;7693;5635;5679
8393;1925389;617673;471322;1220682;461339;243768;81891;33080;27102;22512;15273;14732;12201;10212;6950;6357;6390;5637;7199
8394;2244527;763273;1406181;2279151;2707758;1899975;1214609;228585;422656;64564;73363;199419;33652;45695;39442;97503;1156664;15457946;8496965
1234;9289286;1846481;3785643;4650706;1254080;618709;1046932;890310;805960;198475;627740;171518;44449;42923;35842;24206;19195;13609;29405
3283;1204549;641145;386443;1232282;1593388;608046;943277;865486;401114;177173;90047;15761176;15323614;79500;21200;106197;25570;43926;297235
6355;315006;249255;262381;562189;409648;493862;411064;111291;94988;14759;9811;6328;10646;5182;2752;3503;3204;3665;1822
8403;2908708;996045;1136774;2391445;394322;1197482;782828;50925;32010;14794;13343;11639;6974;7251;6757;9015;4148;8241;4709
6356;31436;16804;6827;341946;317769;17355;15127;10692;4933;4469;2467;2190;3019;1005;3653;2421;1327;1018;1181
6357;3527433;1337206;409629;3337339;637337;446467;683187;198833;39350;11051;11567;7151;7045;6839;3948;3530;2886;3439;4114
3286;481166;306567;105863;335358;190070;90858;135854;124912;16324;13964;16849;9801;19512;12633;3657;3417;3325;4326;3893
6358;303316;132683;217639;240866;315200;52526;33401;24345;12418;11587;3666;2974;2288;4225;1751;2035;988;1243;1327
6359;1961730;1101580;1599241;598386;1640938;980604;1461231;940630;263242;74344;23890;14501;28638;19318;34366;19197;12730;16286;7976
6360;515943;93379;192765;519137;376069;300942;75609;49652;55631;23807;18558;7511;7355;6070;6557;4506;4615;5365;3834
6361;1400342;325466;360764;953651;535336;139830;155867;51614;28696;16285;9351;7073;5909;10517;6008;3453;5118;3319;3649
8411;903731;91439;582394;2053141;422757;31009;22289;90727;9159;5884;3817;7206;3317;2893;1622;1638;2019;1306;2368
8412;744755;627878;247954;218766;333297;151395;232430;112617;16550;4005;4221;2205;3076;3045;3198;1393;2577;2445;1570
8421;1005109;15670;216384;350698;330952;190594;901758;18605;4788;5194;4392;3148;4993;2555;1553;1573;1940;2362;923
8422;2747767;25881;407562;130410;1003992;1224564;9632;758256;8416;3069;1196;1557;1652;758;756;533;1130;699;705
6375;574021;664772;636447;257128;432660;78843;47269;15490;10054;9430;6957;3697;3317;5964;1796;2105;3042;3113;3112
4333;1023305;400920;208490;501847;407701;585984;185928;286112;75974;96023;37503;34864;30639;12941;14328;12058;13139;12760;6781
4334;4354091;269634;1351171;2581184;884929;942221;568254;277691;92931;85348;71890;88900;58521;159346;31008;127384;101829;148235;21836
8431;2750121;263826;992168;2145748;1001271;1201023;530689;130893;33354;33077;20334;16886;11019;8644;10312;8331;12198;7013;7870
4339;685770;60474;383702;659506;472203;205131;64430;396290;15371;6190;14061;4544;3951;3737;3603;1580;9506;3067;2336
8441;4021240;3369544;2793445;1844875;1040132;757478;105468;153659;44377;27439;44488;47503;12172;20267;14826;43386;27168;8237;17544
4349;465070;90033;178523;189126;482290;147108;72973;210160;39111;23002;13712;8771;10184;3965;4793;3839;3365;4383;4863
4350;1791532;296269;54195;187053;336892;629952;128806;12882;9475;4961;4275;3125;2232;1924;2836;2273;2042;2011;1421
8451;10449;5288;5904;4443;13856;6333;3837;3788;2819;2111;2174;1337;827;1314;1074;681;1088;712;711
8452;543657;97442;515683;375107;267929;127378;111109;121473;47386;24467;10208;8280;11978;6561;6203;5787;2502;4131;1763
4359;1551618;274124;285711;1130775;512465;1200212;980249;142113;129706;27665;29899;13425;11824;9970;6085;3556;4438;3906;3697
6407;2566103;617205;1302401;551258;329036;211268;1975457;56727;34435;19413;14971;10286;10774;7185;3802;4167;3686;3533;4656
6408;760932;255088;466753;769946;370450;140484;184011;43589;25247;19618;13356;6896;7277;6875;8314;7573;4001;4176;14240
6409;420659;178546;274075;391909;152411;173518;58929;21872;12950;7873;7194;6742;5567;3208;2779;2383;3085;2577;2009
2316;2505200;396048;786310;943668;1058982;1382027;506548;150425;82749;41365;41575;18949;15720;13709;9451;11923;8546;10697;9142
6412;448392;139986;140380;371752;356719;397140;82093;67338;26072;19024;13044;9295;6036;7396;4229;4946;5134;4013;4316
8461;549196;39335;854563;310007;397761;762399;1683450;5668;6198;1386;1145;1251;1035;1524;984;857;1036;626;642
8462;225035;680483;20859;873435;62155;4666;7036;6399;3132;1559;1952;1539;3163;1358;1397;918;686;1119;574
4367;1213169;224718;315823;722367;830635;65227;65474;17051;13379;9562;5198;6101;4858;3395;4481;6577;2621;3453;3131
4368;597970;148797;1133586;1254472;244115;342193;262936;95094;49020;21838;16883;16247;14145;32035;7073;5697;15296;52049;23734
6416;32707399;27739213;942015;18519692;2057828;1018888;1501394;2006937;424910;22760033;6448203;581320;86225;23739333;5466799;13617018;169274;10973352;44695365
6417;3281316;508373;2506547;1387939;2661582;4171496;789299;101291;44366;31088;23665;17359;8048;11554;19337;14794;22060;5115;5371
6418;314056;87121;251068;247342;81143;119484;13877;6064;6427;2933;1769;1091;1643;1496;1667;864;1037;1761;1344
6421;801025;13349;333423;304604;424561;671811;524192;125374;138827;37217;8875;22134;26779;45950;10209;5423;8280;12731;4499
8469;1257612;22510;265900;387874;224691;306327;990742;165114;10284;6531;7080;4834;2822;2435;2486;1923;2015;1888;2487
6422;2133196;509675;957190;1092971;263363;181290;228573;254766;167528;105560;34048;62637;407171;182313;367702;967822;3464413;210766;458951
8470;1143411;545391;958083;1216103;341827;464807;1132313;88655;32600;21675;14695;13646;9297;12974;10100;6400;6647;4913;6265
6423;724129;634180;70060;242670;38485;97238;10951;3016;5774;1345;2827;999;824;758;878;824;981;517;606
6424;693495;1068008;888124;407740;1337654;742114;657870;488816;54831;69612;27771;33680;16313;8337;20322;10847;10379;18026;15832
4377;1060433;371891;384969;716208;726530;1060167;214590;260504;95340;28657;47714;32917;25664;15380;19694;17721;11672;7974;13544
6429;2276517;662355;1034104;816714;659094;1288344;300768;76536;53616;26933;10604;6685;6915;3335;4821;7273;8513;3887;4199
6430;212568;59349;130058;109914;61574;26473;31360;77841;23029;7967;7724;2659;4594;1844;1494;1845;2112;1482;1561
6431;3927376;478056;1081987;2648176;1907080;2931485;1557138;714040;274329;402386;66198;713038;719580;27925398;1389500;16242209;7813052;122891;13413248
8479;849783;283777;743084;1367233;802104;437508;961720;1225907;470133;8275706;10463354;16281240;21443464;341285;53640;90887;259663;258417;3226568
2344;694385;334813;476089;570340;110973;108857;82172;93382;79109;44777;68640;91265;50251;73409;29097;230698;12857;15321;142780
6440;1299694;123598;826255;661176;384900;636468;610989;345655;15511;5317;5225;2852;3534;2534;4008;3558;3019;2295;1824
8489;927749;351308;111902;296023;469564;398993;281159;13319;8938;4290;2114;3499;2233;1733;1853;1237;1682;1015;1345
6442;1225284;399288;586487;652725;1461229;1095503;587117;62847;23763;12328;7900;11476;6987;3851;5010;6015;3076;3623;2836
4397;14705;21630;16391;14816;17189;11180;6148;5503;3566;3169;1212;2125;980;1552;1141;1191;1006;1236;787
2350;2045062;525864;1349784;1369842;363300;985574;1369134;33247;57792;20300;36049;15195;13689;7327;7847;8638;5414;4167;3506
4398;1205801;60570;240111;332976;948617;1313435;88891;642302;18709;8613;14791;8358;4995;7443;4618;3986;2549;3037;2178
6446;195829342;172386945;19095331;20038616;19840267;100619;124192;156589;29876;30556;22753;11941;10175;7946;6976;7729;8456;5371;7585
2351;3222994;1094308;1450012;1888378;1676879;1107687;1800629;286714;152618;97346;103589;70920;52247;31429;33674;51472;44968;20066;21183
4399;150335;58743;27507;60506;59910;13407;18416;10444;5518;6525;2670;2676;2927;3844;2152;1426;1937;3045;1176
6447;1743630;1332269;973733;326186;198208;180499;121342;69655;155626;270896;14181;37798;11346;9104;3683;4845;4117;2842;7941
2352;1227838;345525;856306;1321569;1174885;474979;324766;254657;73034;40684;69426;23210;24960;18984;11265;18606;12186;13511;11452
2353;416533;265819;224997;338692;270992;110094;54966;106314;38230;27206;30590;10524;18836;21076;11242;8348;8705;4555;5742
2354;2000636;759513;919218;1401240;1405753;619812;249762;166282;406161;87354;155839;50156;178236;134134;8813136;10130891;118294;334021;65279
8499;1305168;181104;803972;632613;1069834;528194;180691;112564;19394;57842;103043;42217;13874;13940;51883;13275;9760;8349;5633
6452;1515308;250242;871261;551998;1219783;785214;589454;544823;93147;56054;77459;54912;81148;16782;24769;28702;72474;17782;155844
8500;1821356;454579;385537;1203350;694945;680838;2213504;291013;182402;47538;162626;198402;68231;36912;331093;55546;177432;47438;67432
8501;2627159;660659;1277691;1023648;2289201;945510;39817456;295201;14687236;96259;90140;72854;67706;344615;8903247;18955398;6991921;31436617;17048962
4407;2929852;612380;1097658;1154067;2373256;1015303;1609834;201341;106240;68242;39623;32255;37871;13249;21771;18162;8839;13508;5801
6456;1458635;358225;1245066;2112274;2277666;906261;419183;75682;26202;26986;11540;6194;5955;5103;4028;3716;4530;2103;2205
6457;972343;411248;716918;927695;222585;267786;920412;65260;35351;14567;10879;14907;6317;4904;3008;5448;4562;4481;6359
6459;379239;112449;132067;147925;238643;72027;196360;158294;80830;26758;17619;16089;2909;8077;6821;3064;2811;2648;3496
2368;4209495;1166402;3576073;1647046;587760;577800;496229;274813;232900;175301;70027;81938;129014;424541;1042287;4707659;8960698;6716906;17779821
4417;2610670;968928;416418;733550;508694;1086012;56475;72025;22309;20813;10501;10176;10351;5757;8663;6306;3967;13848;3674
8519;653951;32511;285812;192677;185982;380068;53378;128191;213976;15909;12164;30500;6762;5787;3286;3463;3859;2223;3336
8520;476221;160424;164867;53421;95379;35593;10690;52559;5963;6847;6077;2937;5336;4500;3139;2752;1549;1340;1050
2380;300449;177759;491426;390089;447361;96619;123156;37021;25879;12257;7440;6621;8552;6040;3403;2944;2841;3096;2148
8527;2944146;1087767;904448;779332;686216;1481452;698683;183485;225282;955046;535611;9883901;5224089;6160097;4134767;1114345;648140;10994473;4395947
4435;1156780;321799;355266;1840383;909149;226080;98748;120294;61279;47786;27422;20282;20058;20994;19063;9507;9269;6723;4778
4436;1997977;561966;836758;1920369;661706;578300;371915;186284;49404;49135;27997;17272;32899;17601;16298;12508;19768;18319;12401
8537;39367;25832;106875;75590;137367;159523;15542;11825;6207;3948;1567;2843;1676;1614;888;3091;2095;1394;1068
2395;2022179;387860;1248530;1104760;674909;908751;684436;1371117;79391;30524;28380;18365;13104;8262;7252;144551;6292;5776;4912
4445;69908;14799;84451;134376;77916;27113;29420;20652;10262;6764;5129;6970;1860;1691;1233;1544;1333;1627;1163
8547;1036552;118298;144456;383289;400679;282430;162895;68182;22808;10208;10758;6322;5893;6076;3875;3447;3362;4844;5090
8548;1025000;279673;179007;268482;313325;430647;911833;177864;22750;4706;3766;1962;3610;1361;2250;854;1109;1147;1390
8549;4800236;644400;807565;898139;2921864;2973409;1431093;58878;33842;21717;17079;16438;20741;9435;10517;16305;13530;9749;10560
4454;138805;60110;108795;245016;356329;52067;99857;43155;26143;23848;13683;15741;9365;4899;6553;3873;4104;1834;4087
4455;862167;29251;269213;67931;490513;246720;473177;3774;4357;2987;1454;1169;928;566;1407;799;1065;818;752
8557;1865053;335077;1023280;1150295;894847;331493;258645;287794;36495;47055;24678;18710;26496;13525;14275;15494;13626;8755;8148
4464;277325;38634;180890;321237;317164;144334;33067;30314;12823;3696;4788;1479;1507;2328;2100;1339;1484;1277;1355
4474;399704;244274;298512;801227;476749;181489;68003;68881;21149;21548;10542;9481;3466;2441;2281;1525;2804;5564;1975
4475;2232917;57761;1248451;79873;423608;161492;1847768;13950;8114;4576;4223;4067;2924;1897;2812;1856;2271;2194;1393
6526;890487;998789;508455;1181318;821792;2095584;3664271;1025997;181621;92806;85068;32064;42937;39668;59017;18630;16809;12983;15712
4482;3742173;452194;758410;1857099;674155;2600232;586482;111024;39684;19948;9613;8838;4898;7157;6593;6396;7811;6046;3851
1413;394648;81951;103612;305941;302185;214025;75548;513131;25783;12608;11324;11802;8523;6732;10022;11895;2407;3736;2049
1419;179306;15590;61685;71103;51542;96203;14207;9753;6163;4330;3257;2976;3006;1291;1610;1547;1151;1246;1283
1420;250129807;171733664;78651344;875921;135144;104454;144733;76025;21911;25740;10586;11099;10075;9337;12031;8856;8686;2879;11057
4492;1643114;773778;1132297;1854000;1347912;764251;485368;355556;330901;243164;69138;65803;60784;17427;29642;13618593;22101605;32628;89209
4493;1272665;583342;1001428;1533888;811796;866083;1607023;1587176;203989;29855;26854;29442;21026;30367;12090;16063;9328;7331;7459
8597;41401;40338;51853;16948;70112;6691;7170;6421;3059;2843;1470;1786;1050;1296;808;1166;804;918;1386
4502;4876537;989668;3825813;3476368;7987466;1427131;707779;746333;102793;129345;36381966;15508041;76412;20111796;10236002;210396;136974;2139329;1577981
1431;1346762;440717;1200660;2626680;620295;285637;1311907;236340;221267;13018409;15428090;15700;15570;113666;9503;12995;13558;12269;9131
4503;3413715;2144378;1235639;2187515;687598;336981;1960538;178158;23968;20121;17283;7956;8627;9357;6388;5029;3262;6686;4090
1437;682317;580098;199447;302906;290076;107984;227271;147183;66437;53221;8022;7072;5614;3417;4153;10687;4754;5052;2149
4514;2409681;450607;675595;557415;1618308;1713547;2261508;419410;271795;267196;119650;107526;27559;9100;15193;25985;3788;3001;4166
1443;1939207;10234;34971;144160;466651;1138644;24862;21247;6763;5593;6251;4810;6692;1663;2652;1976;1476;1262;2128
1449;2003190;961502;396358;481312;915824;627427;1268924;248668;62227;87191;42521;62436;59061;35970;31425;19669;25260;13044;13244
6570;1712601;1322570;644393;1096410;1232192;618702;691926;238088;158010;15045825;14815860;1537418;13240602;26564041;62467938;38123448;14375018;14008538;1093637
4528;762927;137421;48299;540352;172344;52629;32418;424887;10918;5247;4257;2753;3106;2688;1667;1738;2145;1807;1584
4530;371713;6614;371085;386619;175225;15548;12316;4129;4489;1809;2257;1313;1273;1409;1258;1121;963;754;1092
1461;742775;93385;272179;176887;735782;284459;263459;53455;18573;7076;5777;4042;3715;4566;3163;2622;4542;1971;2193
1462;128337;86105;86839;40498;64712;127940;13429;10077;8872;1830;5178;1882;1631;1188;1052;716;952;789;819
1467;2475190;483283;480630;500862;1110543;2191896;823617;93258;55802;40212;32792;15053;21070;19181;11935;19860;11406;10784;7359
1468;411379;333204;6404;19492;172058;122850;19148;12398;7034;2694;3591;2033;1415;1305;1219;995;1176;987;1520
6589;125163;30897;43377;33388;104824;66537;18791;15038;9451;5204;6459;2887;3468;7620;3761;2643;1762;1474;2136
1473;52953;31057;14696;26932;50854;82196;14867;11047;9203;4539;5295;4971;2493;2816;1982;1639;1930;889;893
1479;156890;81105;43978;490766;211090;263701;6027;135031;4259;4347;2609;1104;1108;827;1035;919;521;954;572
1480;33065;62006;18317;150319;21945;150434;11905;158043;7062;2130;3470;1218;1465;654;651;744;467;467;355
1484;2238673;666148;1647058;2895192;1453278;849657;891192;470440;181383;46888;38055;27869;27010;23165;26607;19814;42845;26174;26600
8654;212933;24842;111467;79286;136585;182141;17659;16073;9819;10152;9659;4642;3365;3809;2597;1913;2164;1934;1695
1496;842441;143640;186925;595524;275656;171573;184437;32607;5547;2998;3616;1297;1458;1119;1166;943;1615;456;893
4568;586396;908506;582663;795506;228159;242336;273993;174227;277976;44203;176639;40227;43489;12178;20406;9682;14563;5424;7407
5595;4120783;435273;777582;757614;1109252;2527614;1180309;232919;269782;208382;77393;61524;39226;36346;39802;139290;27586;23250;23063
1502;90146;153482;31574;273069;362418;375317;15311;3370;7525;2570;2321;1750;636;1322;1447;620;1055;427;456
4576;17422340;32493376;16726451;25288714;25499363;39967571;124444;160492;76122;254233;148770;13796;13131;6855;4972;6862;6749;4641;4707
4583;736357;869449;439299;1029151;1371879;486717;709008;176293;143901;450919;844758;411425;16284827;328668;7275526;23863497;95619;105707;5635
1514;1858092;1328827;589001;2048916;1340780;965526;58614;36852;37531;26410;12224;7999;8145;13218;48136;15585;9969;16464;6879
4591;599764;124632;526664;411692;625042;145533;162392;102232;35306;27204;16189;11512;9850;13025;6122;7677;6204;6148;6052
1520;1038181;99370;251275;665154;427822;265249;108694;71117;24004;16107;8026;10969;7146;8430;5328;6040;6210;5722;3201
4592;2111269;64920;596887;1199042;1139249;891480;947088;93737;28679;17340;16334;12031;10090;8916;10204;6653;6815;5731;5117
4593;2213738;1210898;857948;1147374;605309;990369;589249;288496;132379;31673;37917;26135;112538;37906;18464;18952;39915;10805;9812
4594;1439126;327849;1067885;1095148;530480;912333;88249;85507;276599;50987;23350;23574;20881;22032;18999;19154;12099;19738;12853
4595;1573967;301588;853916;776049;794538;729875;450845;406231;42015;37304;30931;8969;8409;7592;6415;4149;4718;35978;4301
4596;992174;154627;521541;788059;977074;919032;275220;288335;29801;17476;12446;6097;4102;3637;7290;3342;1761;1677;1710
4597;1448005;363921;679466;2076390;1761991;2045476;2552045;402322;149896;68174;16891;33758;38933;18165;93179;9361;28944;10582;106461
1526;176420;489926;167144;840917;120208;791127;31058;5432;2227;1905;3631;2028;2685;1742;1188;1483;1489;1130;1084
4598;2052046;550846;464045;3966381;983298;2064396;410939;299596;39099;19714;19070;11233;11904;12829;8861;2770;3513;4179;2806
1527;3325650;1612037;1406719;2251888;944862;868094;251470;83506;41561;15684;15673;10069;10743;6865;9164;5402;5423;5808;3533
4599;1334008;1313189;1062425;530592;410521;196364;145396;52100;43290;9902;3985;4352;2319;2807;3215;2503;2298;1790;1546
4600;795032;293263;252334;547440;202781;365353;252150;49448;39034;15474;16726;9756;19763;9877;3979;3299;6264;3297;2178
4601;1354611;29543;118561;53126;122243;731550;546365;479513;12437;6713;3468;3699;1508;1968;2359;1273;1481;856;834
4602;62065;10596;34122;33389;63962;21714;10991;10801;4760;2467;3287;1242;1143;1423;1354;1289;1498;1620;1663
4603;1240055;924106;451276;611359;561497;511220;579383;227369;91948;86264;74848;82893;70624;41421;46867;47760;11645;22994;19209
1532;753177;609326;945642;1324384;626222;358712;156756;134136;51949;72980;11884;10635;9962;8742;6496;13108;8459;3405;5197
4604;982954;188369;834198;1826640;1026241;702168;196090;25697;28738;11171;9144;7174;8576;4956;4221;4590;6302;5892;2971
6652;848891;309803;643465;1279584;288079;237900;247292;143111;74972;42209;23252;41228;16596;19193;13137;10505;11018;6698;10115
4605;1842855;476816;1026712;1212476;458957;480717;440859;329473;20452;19520;8073;8143;10043;5903;7781;5281;6870;4493;3370
6653;1007449;1426010;2865431;1207897;2129455;2778284;2782960;742627;174507;133052;97835;204152;79711;68784;74700;22049;20343;11243;48071
4606;2535009;1242584;948043;1625676;740132;530312;165637;315613;234721;200352;509797;94254;69201;29070;43131;31697;24001;8839;15479
6654;1353178;66518;29890;41120;802952;338365;14938;9379;5488;3018;3429;1819;2176;1797;1646;1262;1522;1910;1190
4607;3951692;305661;801975;1954090;2325963;1576705;2108447;408853;90192;65604;150369;63800;50486;21151;31245;19616;13638;23743;6669
6655;559061;243411;125457;93471;278277;305608;236318;63416;36788;27492;9999;9703;4286;7189;7771;4989;1897;1541;1444
4608;473496;71472;136349;369457;643579;290879;59102;19556;11682;6967;5433;7072;4697;2439;3384;2177;3653;2818;3752
4609;688426;444382;382580;454139;371023;503913;142587;241375;236837;124545;45193;30599;8291;8032;46288;15159;8666;8484;8802
4610;684389;715796;571486;3476488;1048850;2858667;523913;312074;127281;77767;134927;95707;69264;63187;80166;24318;27962;14282;21183
5634;1646083;412025;997653;1628722;1749308;498413;36946;75625;11014;13042;7814;7816;6440;4307;2878;4839;2235;2199;3704
4611;1517942;280629;826663;535277;376785;156470;1334105;59453;39769;22520;10554;33513;11569;20847;13552;9038;18584;14949;3243
4612;3258967;1175135;3786386;2686308;1729684;2481196;918939;270914;295098;276706;505385;8744161;371314;20661455;10388358;11424901;81215;344531;808116
4613;1639579;460683;208002;708811;170990;241356;62915;67161;38151;9424;5162;2886;3690;4009;3503;2747;1417;2300;1841
6661;2030855;524084;413407;839888;1288945;1410002;524431;363713;152801;114324;43994;45684;26268;23523;18220;13863;10864;16365;10163
4614;1434152;1151978;634634;1306394;824428;842765;145126;371299;129964;70378;61017;60264;35265;50224;40056;25196;49377;6868;16263
6662;2710749;440018;1126934;1530806;382551;545905;612450;41206;19707;26256;19415;10948;13614;13029;4070;5063;3811;9948;4710
1543;4182333;765432;597247;957137;1169725;1442537;634318;61268;65003;48634;40687;39360;42131;18523;13228;8244;6651;8139;7874
6663;1614687;130677;291667;1408651;1543021;614098;654389;762213;624460;357438;183613;217342;7117091;11057414;39376;481965;5189729;140378;3920162
8711;2437155;862481;587604;875097;1793495;414888;575208;213905;17494;50705;103157;47441;8776607;320595;7318;7539212;253497;606982;2476
1549;2648190;317538;857605;680483;568110;1844406;462767;22046;13370;12334;4403;4439;2803;3402;2707;2973;1757;1980;2953
5646;437381;12847;220036;221195;250434;17639;393891;15053;6311;7320;6142;6568;1952;1836;1695;1836;1396;1004;1188
8721;1525966;524662;1153595;1326131;1099251;299746;325690;396983;177021;220104;137413;71126;59526;22701;28295;37427;37199;48195;23689
8722;417872;84521;152530;233579;570397;323498;178665;100796;138862;12702;14359;3774;3646;3219;2273;2715;2462;2679;2042
8730;1205534;442717;144019;287881;369889;291366;291859;82328;80767;37974;51244;51210;35298;55510;38388;21494;14349;17275;9071
1567;880457;582137;477103;682983;744911;221154;138877;149796;100104;51851;21705;21322;13229;19853;8379;6563;5268;7515;5697
1568;1045997;262297;384447;314960;562108;563025;271443;61391;34360;8988;8486;11306;5212;5025;2682;2828;2430;2698;2936
1573;1722225;99600;344743;343604;254985;846261;545945;586232;11992;49655;3323;3935;4028;1453;1800;1779;1652;1456;1964
4645;5904951;1524795;1681725;3152592;1573600;538413;3172793;1001348;1263688;1455130;163706;175891;16005798;99392;794824;8735626;1736489;3435009;35423
4646;110189;56365;106812;170518;237001;133598;66085;57047;81399;18389;11128;5446;7790;4597;5316;4882;5813;3223;2473
1579;1390179;595383;685457;830426;546296;1259647;916447;481183;797436;275900;178470;24390;68049;9458;9755;19068;7159;8496;11943
4655;3234358;950684;1338903;1278142;1109323;321628;393691;264481;206581;55775;99759;347851;176257;1702612;8510798;4913472;6653934;562253;7173355
4656;1445817;703666;692831;1698501;995769;221301;354211;325813;282015;99217;105598;66338;65128;15143;38798;27891;13957;16903;14755
1585;2343845;1002702;779916;787263;1152746;1862248;865431;515035;70568;72423;52084;46257;15164704;29754;17021;17431;13184;11888;24811
4657;17183575;1247010;27113033;864563;16337074;31567738;15735687;569533;105290;54945;39637;42727;15545;826946;826799;827644;844027;27960;10444
1591;964241;374804;345367;524055;1345527;246106;557382;83912;105197;71616;12574;23837;17333;20550;15475;10614;8687;5382;6132
4665;1951104;441169;927539;1340465;1698692;715568;318361;245274;88054;79965;67708;33123;58814;22681;17568;76029;38078;48368;17188
4666;3442369;2526952;578669;922199;790217;315785;131684;269533;100313;43491;81216;39024;55568;2804065;4667197;5836705;10084496;94440;153589
4667;1865926;473821;974065;1058297;966213;437462;1963981;84576;50388;24364;17432;16160;13693;9865;10890;16333;9282;9643;6147
1597;80534949;40511775;39520560;892108;2527458;2331719;294195;520008;112066;118522;50022;37821;42507;52060;39347;28581;35601;28702;18690
5695;882155;492003;332643;996307;511138;977223;928028;292993;254212;50405;45379;28684;47883;26158;14252;19799;30319;13280;11877
576;66820;38548;122706;107674;92398;52144;12333;13416;6590;20606;4155;4812;2186;1924;1681;5221;1533;978;1867
1603;525589;511629;163426;249787;58742;15784;16791;11649;4053;8067;1676;1355;580;692;770;853;179;750;537
4675;2937157;547672;1506826;1439344;2629420;880599;671989;188413;90011;40880;48275;41243;26709;19440;14150;22951;9831;9867;10743
4676;1286836;1530768;1802211;615079;396510;196540;218273;407408;131046;264573;209334;101228;179260;272165;29596;20804;31158;111823;43482
4677;1428270;223799;163615;263157;701157;571872;734634;109561;35414;32736;13176;17374;17492;20472;7849;4049;4748;3323;4053
1609;1462844;3757;405869;21570;591735;278787;16422;2331;2934;1377;1196;1447;1439;872;690;555;666;440;520
4685;130385;246545;97334;149742;102855;87629;234511;113047;153563;19457;6148;5270;8092;23669;3384;5484;2362;1853;2465
4686;2058446;1240835;719664;981182;967820;666414;928784;519622;668080;255795;35872;18712;14348;55322;71026;34436;14666;9878;6912
4687;65984226;44303712;22756504;644077;1669824;769675;912773;291555;91710;782665;773524;23793;18516;19289;14660;23254;39219;11781753;26395
4688;1397837;886677;659774;1804141;1511058;1196040;2380330;784896;64097;68402;53022;15044;10073;14719;8424;8497;9754;3220;3704
4689;2329039;618606;2062385;1464650;1677768;1854213;2187536;183927;129634;95305;56609;49359;44428;36498;23750;39084;25844;21429;19635
4690;1975925;101832;384433;897783;238703;779147;877923;168100;46298;93693;39957;32831;19799;16265;34869;9618;20042;14513;22590
4691;2211312;172333;445811;917808;537918;291620;1576862;75148;96457;68603;35655;25384;22601;9343;20051;11066;14261;11458;6387
4692;2573846;567387;806351;1081164;1363880;815326;305027;239837;118029;75371;39266;33881;23131;13578;19175;14985;14954;10144;8881
1621;287537;162350;108720;232827;209961;32842;20541;15465;15206;12043;5942;5047;7076;4849;1812;2462;3604;1698;2042
4693;1967486;330512;599893;1682859;2856868;351713;702620;949052;59330;85913;123281;12889;30227;21015;9340;10410;6069;4406;8232
1622;1428081;406839;1458471;2546951;922289;1027821;1063784;592863;156572;169266;121415;299490;16262303;175714;35491;33888;12196221;30686;20170
4694;803215;603844;879226;1068039;1041725;582195;357501;180572;43159;56293;15274;19966;22810;10545;11013;14969;10184;15944;15173
1623;1115318;371409;565287;968733;370459;822372;976373;62879;674158;15799;17899;12001;6995;7717;5684;4405;5845;3991;3245
4695;1750500;889020;229630;1009011;402007;220981;119511;54593;22207;11281;26323;12627;10650;4485;5139;5064;4278;4998;3179
1624;1929174;414254;541622;1919865;975722;1559133;65156;221995;29133;33520;12091;13974;20002;11240;10182;6114;6768;5894;4814
4696;505737;270045;354616;298958;676279;84226;48547;72133;114247;46408;64004;18484;35304;16769;6579;10763;7733;8824;5627
1625;244480;121200;73080;176526;45930;21014;19898;13126;4543;4654;3145;1625;1886;1366;1524;1451;1185;1178;1415
4697;245866;252093;172572;417068;300978;320613;75215;101654;46251;25269;227734;131952;117130;37905;238399;279668;52576;2221465;5831255
1626;1267571;1267180;1598381;811361;1207764;246060;992497;160381;51694;28150;16374;24829;14334;15599;13400;15497;11274;11537;12898
4698;1645572;412009;521064;1095503;942312;480337;209438;129338;89290;58759;134345;29705;32572;14096;13902;12828;12147;7366;5636
6746;2674505;621659;1044016;896414;2056607;1987107;923929;221054;47554;34035;13072;16676;14290;55241;41283;7585;6213;4555;6530
1627;1183849;341599;765836;635111;364349;135285;52006;48482;37020;19697;13932;11516;11888;11736;5463;6472;3050;8056;5226
4699;1027639;380685;88027;634053;692844;523132;807465;843340;24170;24826;15547;12485;8599;5605;5800;5853;4407;4238;3587
1628;952297;256429;858460;651637;790542;425345;407847;36653;29824;37844;14328;16373;6711;7980;5852;4197;5612;3192;3131
4700;2698733;1202298;517777;1066745;1150684;456167;518156;159752;124252;43527;36505;87656;20429;35383;37758;28906;35646;138597;121236
1629;988885;765504;299057;825355;1221458;1085292;105837;60450;34021;44961;23685;19560;13783;8456;7301;8545;6258;7781;5929
1630;2672491;618095;737392;422437;582479;961029;1517652;677802;35410;18821;17567;12248;8686;7188;9922;6662;3518;6753;3868
1631;2105996;2354670;573718;1244022;1094856;1096020;269878;214877;77752;50128;40288;26910;19868;30402;35938;19314;7228;14028;12733
1632;2549250;1394344;2658081;853812;1407535;582067;755937;663615;165301;65710;103960;20358;19434;27997;9874;46953;11863;6043;4900
1633;2329686;426965;586683;1069085;1279908;916919;331646;358807;153452;117046;66529;492819;8895780;186002;475039;13592610;336969;988280;44175
611;1015080;179725;369206;642821;770748;310548;168680;205359;43679;17186;17460;7407;4915;5958;4898;5114;5127;4674;3408
7779;1968597;1313966;974742;765379;2568137;4968038;1212435;288004;967025;57046;10861503;32372;48763;150212;8930031;33494876;222753;202299;8373400
7781;3393865;1566228;1905615;2428193;1527048;344418;581191;298813;138264;85333;61546;117063;229563;7159317;112880;1768134;596811;9296758;157406
7783;743748;464947;152188;840197;855226;384908;1535583;57605;25971;12296;14246;12115;8282;6766;5136;4801;3389;2802;2145
7786;2330185;937095;824100;1242436;1390815;1240486;882602;362020;321439;179783;1496898;16433075;8789315;18797652;21834200;790266;8894244;761203;76680
8811;728492;224053;247318;822654;346389;199405;46286;53295;31590;11014;13579;11861;7708;5270;4446;3566;9149;5628;5141
7789;1603588;538096;1264035;1666953;1460341;453015;352482;92677;42472;28677;22552;13865;11516;10255;8045;10441;6512;10053;5206
1646;2279602;783597;1562397;1810360;1493218;211200;804141;287370;53436;37667;20920;13876;13832;11863;11466;15575;11958;8183;9037
7790;2370796;1580290;367410;253166;251610;403051;71294;121848;56428;37164;50030;28584;27068;18605;17575;26737;24822;20830;19383
1647;942408;131211;952896;320081;594873;177693;488945;295497;77496;73980;30082;55071;458748;40928;11548395;16639;11454;40525;52434
1648;1132946;441503;231847;958142;684927;723258;28040;27820;16128;9749;6814;4979;2849;4512;2358;3156;2049;1769;973
1649;2432233;1120701;373223;1127414;1095460;194055;177407;84682;81119;35303;29732;26694;13395;16138;15759;13186;13500;11082;32331
1650;1614195;702511;878660;1222143;529168;556516;258565;132147;76756;65052;70627;42418;55636;29515;30583;34191;28205;55217;17523
1651;3119273;763395;1764681;4322262;1561699;1462598;945592;895071;244483;37608;37581;26385;73951;75690;29165;37774;5298;3562;4265
1652;366443;203462;180207;443309;456902;199724;162732;114989;65740;478715;54893;329851;142926;74161;428458;874651;61722;33541;465627
1653;683501;144255;563048;880475;544426;196435;224646;102958;23002;15724;13783;6045;3810;7115;6920;4645;3718;2248;2125
1654;568239;221382;305208;420604;210879;152983;66223;85211;25444;13286;3998;4803;4967;4423;2885;2545;2157;2436;3057
1655;751576;247056;459989;783087;273773;499258;71056;592908;50508;23869;32713;27689;11535;12414;10461;11914;6447;5322;7151
6775;1813177;1255210;256655;1017910;624362;1158006;638067;37632;18526;16759;8459;6560;4142;5375;4918;6791;3877;3726;4090
1656;5942049;2734447;368134;795415;811417;1420456;738404;70323;39267;22801;16239;16328;11343;11810;8011;7673;8451;3977;5914
6776;1343168;212066;476375;1398522;474141;576676;372192;159787;389476;318619;164945;224665;341844;17459347;1788977;11229999;70556;2120137;6056
1657;1219869;869865;416304;784341;1120613;788393;163911;148867;80647;63115;28621;29943;28561;21630;10332;38173;8950;6672;4700
1659;1693268;576921;2170988;1599823;3366468;2631397;425364;159302;128210;87817;73019;71644;37836;52047;41656;36497;32690;20879;16241
6786;103731;84811;170912;375307;74612;98518;18770;13677;9629;4990;11284;9341;3629;2949;3510;2280;2254;2579;2701
1671;3113557;387851;1091465;865825;1098830;415243;1138739;68116;473752;43135;26215;24443;7973;32145;28917;7576;8548;7397;18849
1672;344208;198239;248958;368424;328211;230841;502057;343202;25102;17963;18316;8296;10864;8053;5336;7600;8312;6794;5124
1673;1183138;188536;279983;1311557;604847;939630;366436;82616;60306;49970;52296;60993;21371;18623;16892;17439;18127;23830;16212
1674;594793;242866;305984;568627;492219;267753;499676;31134;17466;13680;6869;8153;5683;5117;2750;2957;3107;1662;2736
1675;702833;121246;744120;516467;561825;148700;56773;64280;41817;26915;19293;16035;8224;5682;3692;3395;5091;4255;3187
1676;527281;453385;1202828;593293;1569569;660931;72976;67966;43175;22672;15745;20423;20284;16275;13663;11915;28619;9795;4630
1677;3424690;990030;1756942;3221557;2537721;1100332;1651659;644763;244081;84280;38496;31824;41814;23132;16511;27216;28066;15919;11312
1678;1482528;1231349;1136250;1292398;2697294;743884;561289;671541;92472;88157;92654;77906;90985;31336;32824;21285;54272;24963;17710
6798;2327462;510224;836429;2011084;785989;589143;70935;47532;77078;31526;39316;23112;21993;9067;9642;13031;12360;10493;6798
1679;935819;374344;336298;497137;732622;511256;306964;83708;92188;151708;92260;15888;26156;50634;25627;12700;4830;7197;8319
6799;1137543;619511;443734;821066;652303;888309;279470;352804;226664;88343;105878;74997;89538;39030;35643;34638;19854;15074;25847
1680;575890;128385;388985;259959;396100;73468;38790;49589;21191;8826;10124;7885;6952;6975;4488;4256;5315;3098;2549
1681;3509507;1527540;855937;2123543;1406071;957365;764577;152121;71165;47982;26260;26571;41790;23848;16284;21096;13309;12367;18145
6801;2718976;341728;1311923;1213531;2243699;1508576;1062302;1292466;90396;54711;38960;30794;18159;17020;26992;16484;9076;7444;6217
1682;946067;390159;843943;578412;2460551;418436;1247658;143718;98359;23158;13946;25813;5076;7173;10650;5921;14924;3095;2427
6802;1523836;152836;144019;583476;254553;141187;133349;83271;66874;21986;45533;16093;31211;22031;23217;17338;11651;16121;4835
1684;5803270;503141;961324;1972817;5096511;2061594;808658;460008;413557;73789;53292;39970;19007;31574;25300;28342;15197;11692;8907
1685;1178475;378079;1038531;1227928;818328;279499;73072;34050;27965;21731;13393;10479;9108;6343;6914;6930;4640;2546;3372
1696;3034197;522902;1861714;2131702;2069409;1179484;426515;75691;23685;25801;9079;6685;7085;7387;4129;4014;3480;2250;2323
1697;1038490;736347;392950;493315;726675;424697;691258;197123;88073;59424;31318;66389;32632;11464;24737;8756;46923;49954;30127
1698;2369839;163166;1270668;1958337;1066271;417877;937993;105891;36277;11347;11142;11082;5829;5162;6995;4152;3521;5067;3375
1699;1192955;977109;820216;1226886;681565;311163;257223;99094;64415;39121;37410;21964;20791;17355;19799;10208;11620;11793;7483
1700;3468384;901837;1043282;2674078;1259157;243736;287406;86657;59110;37848;21900;15737;10976;14870;30934;9387;6257;7642;6020
1701;3470079;1224384;1572894;2066086;2229782;2005964;2953566;664842;223720;146281;104039;345852;212478;120607;76334;108224;250220;37099;173242
1702;1206092;306599;367108;1193889;270856;386725;237928;68151;18040;16533;9042;6777;8711;5003;6478;5299;5136;4685;3892
1703;594913;38746;632002;604911;354158;626425;177098;19408;21304;10399;7034;4315;4480;3446;3500;2138;3449;3102;1631
6823;1900437;728707;887358;734538;1252513;1266116;464072;118238;87427;57380;44624;33845;24143;14878;15186;13471;14010;6318;11002
1704;680709;179815;220225;443505;313866;43784;62363;82594;17167;13956;9055;7128;4162;3986;3419;2334;2493;2346;2239
6824;483455;216775;419075;614948;243946;113323;128525;90271;80799;91375;32503;25140;42157;26581;31050;27303;19999;24543;18880
1705;688356;675497;962062;1919831;1418802;662495;369528;454204;172286;62277;38294;24071;28522;23505;20568;13253;11256;12340;8860
6825;2331884;835569;1457648;989373;887266;422074;139646;74368;41543;22953;15235;12578;15061;6597;9162;8940;5804;3130;5708
1706;728385;240339;959505;1024827;858866;475643;291699;86142;66293;38907;27718;26121;21118;16517;9867;17774;12165;7843;17671
1707;510735;142271;343066;381050;422148;212886;43794;152432;48993;14477;8998;10431;12251;6506;6400;4761;5719;4012;5827
1708;862784;332929;391993;912703;556185;596033;143408;52084;29859;13237;6846;8867;8209;6783;3763;4801;3796;3079;2565
1709;1400548;1345923;472533;835115;2055638;672934;825658;96043;41464;31414;25982;11794;10910;13227;8642;7341;4709;61829;5444
3764;2400449;235050;1425105;2232922;1582952;2108661;398562;218413;78826;55129;23454;27265;19960;20385;15441;23417;29514;17190;17203
6848;227756;303434;43857;163876;29315;31082;11911;9763;2399;2346;2419;2155;1596;1232;2284;1847;785;499;592
6849;2731663;242259;1718585;935286;2438246;2944768;808811;238900;175251;58419;39887;29594;28229;54921;101841;338949;143664;66755;28036
6850;1139891;607169;484403;1154909;386222;772262;704502;561105;49220;75739;39814;56288;19974;16133;8438;5486;5182;5576;6562
6851;4146736;306780;1185940;722771;1780191;2419077;1158047;834421;102821;48826;59465;44942;18649;24633;35216;22223;32633;28012;52798
6852;1970324;935128;450810;738621;1531924;1395687;325367;114028;98333;81618;33506;18049;24101;34243;8756;18300;14193;9824;4814
6853;1228511;413347;373165;625166;194037;168331;222841;382464;108468;64263;33003;20964;47575;24484;23856;17159;7456;12470;5795
8914;1622059;631107;827607;1269459;399411;142903;497674;133920;234569;66455;133385;203946;19987;34185;29213;23918;17685;26653;17455
8915;2409176;623237;1433322;2548696;622723;604041;844627;96937;58272;27710;43575;28477;21631;23705;32863;14305;12661;7802;11799
4825;402875;178805;54859;134719;105733;430778;31825;10671;14025;5458;1992;2824;2290;3107;4287;1793;3397;1744;2876
6873;2499575;15241051;13368857;1949140;2090031;1202367;1338413;1675550;1153438;294232;228587;154507;178836;1042418;3215005;10798726;6846609;3210011;19977689
6874;2425282;618576;1414008;1506999;2427179;1270501;942183;503244;87701;188372;720410;944605;6601047;6261594;1280316;887618;2301154;3729866;9425801
6875;2085135;535030;502132;538124;571526;747878;1122683;297615;45433;25769;14105;29414;14775;12961;7161;8157;6798;5771;4669
6876;900833;1029567;744784;1113715;1740919;1157387;295319;167545;99985;59003;51112;45089;76388;52329;35961;29325;43429;75460;81862
8924;1042573;950712;401223;954864;288842;97581;50472;14998;7031;4628;4048;3599;3543;2882;2813;1406;1484;1431;1226
6881;1651954;796383;476605;606044;209732;119836;97613;73228;37813;27303;28825;15961;8755;15971;6470;8292;5872;6690;8041
8944;1640821;455964;1193704;1863956;693364;759099;108790;41021;33388;16928;25208;15858;13740;9907;65679;28397;11774;21544;102373
1777;1773381;208832;1940855;1564027;1899951;1011730;979472;151390;60830;25097;34825;22194;17648;16721;14909;12542;8403;8167;7057
1778;1483264;297041;420670;778938;1222736;696482;613415;301897;64424;156748;78652;89130;58335;120238;40792;66896;72318;16052;71450
6898;1192518;286167;392926;1025966;939095;842616;873929;362548;128427;50873;34507;45131;32854;20174;26756;100129;25494;64490;17664
1779;2960881;699584;1386607;1725766;1484928;1606470;568149;11279270;13537714;128231;148553;41115;215982;106728;8769081;14798;9169;1032012;963989
6899;2027683;413365;918847;1312706;1231061;2656845;1602026;1356710;64835;164889;128352;106174;81752;2227748;843978;26141;1572609;49609;4359023
756;224030;51614;133339;79370;4573;62171;37710;3866;1796;1402;2165;1346;1240;2043;464;575;517;740;655
1780;1038967;700151;171402;1032197;281379;817299;252990;170411;62910;89978;21446;61353;368874;441710;82265;645278;1449955;4804889;359249
6900;1072700;60316;464271;478238;990325;175914;493258;393696;73958;17871;18353;15113;9805;5942;5683;11085;10024;3061;3106
1781;19472513;122219;19118627;998297;472952;206856;175175;121695;35570;20196;23587;20866;14153;9367;8912;9823;3672;4950;3935
1782;1599527;983084;633429;1024184;1476309;390510;130132;87642;63827;22085;22170;14906;12604;19750;20077;16286;16625;14123;31593
1783;3150315;1478538;1334670;2050443;614886;1082371;528871;610708;115596;64240;40989;45089;56358;101950;33710;34241;49755;29646;14250
6903;666014;345595;573290;717017;938584;934310;374276;721895;826115;1644117;423361;6890241;15664123;15869488;785913;12210874;1009786;32050;17559
1784;3834104;1940988;1914606;1529887;1705850;878572;312206;206109;171532;56634;34655;33992;23718;19349;17279;18801;18063;13248;22544
1785;3375444;1710478;767015;566355;1316096;1241389;90072;14773575;638554;51794017;302438;11903049;19426720;948693;116466;83116;2223382;1301983;8783635
1786;3013591;204479;463092;1538058;1237691;1318042;425101;666604;60763;42941;52317;14118;16079;9240;8151;5798;5049;3900;10510
1787;194572;57513;926485;298797;738833;435429;197942;217748;11834;8888;6689;5195;3451;5986;2447;2260;2534;1652;2290
1788;1258477;371843;629057;1328496;438945;549432;75326;46069;48945;39347;18087;46861;26604;29006;19814;52301;44106;20766;254252
1789;2444486;504805;1462399;3110327;1116653;1013010;902526;224764;48568;31459;29286;20878;14567;14247;9505;9961;7386;5239;6428
1790;1931006;450777;325824;1677714;456076;363135;525814;381683;29341;16602;9375;7701;5125;5567;4562;6418;3769;3391;3098
1791;2324251;759200;1319295;1933911;1180905;1121657;819085;879762;896308;10686585;1585260;1952479;18318919;74255;948686;8209619;74657;116277;4245794
1792;2523019;200024;387629;1326981;763898;589403;101630;189412;52503;38747;40399;24981;13516;23648;40329;32679;52641;54906;88183
1793;2283500;308775;1043256;771396;243472;176123;160835;49565;34896;23864;9794;11886;9911;9589;9142;8287;8123;5943;5820
1795;4344347;1962681;4545589;3698433;1052709;485181;403465;234719;55207;32074;37305;16654;15895;12280;14804;11111;8132;8366;5495
1797;274221;193530;471897;479798;274608;195950;267132;51494;17746;10213;6487;8158;5309;3555;2085;3102;3225;2550;4152
1798;548548;558971;496629;1149064;340532;321711;308114;42739;29844;26324;17116;12897;10729;7475;5648;9602;5798;6451;6803
1800;172041;24209;416261;260812;68228;236460;73662;6508;3772;4705;4146;2073;1444;2745;1099;916;1068;705;743
1802;916602;554304;584017;393516;557152;231722;108062;166842;52069;37704;40299;16979;8327;6209;8588;9069;30685;9269;5973
1803;545173;1749411;1000486;984451;684095;677852;1982104;803936;442642;59577;19213;234943;23213;86865;14006;38479;12497;8433;6836
1806;2609401;1512186;650144;1113721;1392486;697044;973434;131399;154387;84947;372454;28049;71894;22352;18407;22914;25312;13968;11073
4878;1284684;1373866;76512;368641;302488;355913;284944;147550;43680;16341;16912;18028;9195;17610;11047;7956;11053;11808;5830
1807;2311842;556287;780015;932749;874745;106096;476082;562367;87810;29869;44106;10105;15947;13173;10873;8541;7475;5564;4828
4879;440378;71193;57118;152017;24997;666300;6144;14986;1586;2367;3335;3313;3222;2354;1339;1330;2933;715;677
1808;544878;163177;248178;420308;298291;171177;77081;25866;10287;5615;4514;4482;2812;2478;1816;2783;1755;1383;1735
1809;4058261;2117795;1438641;1818149;892680;654380;347499;107887;95243;17285;16210;14216;12827;11652;8637;12389;6269;5003;4246
786;3355017;1869086;1707552;1384663;1560303;730893;371607;249577;123615;89446;67364;34354;38809;21458;42470;29627;22752;24884;9107
1810;755550;154595;146063;739799;188831;71202;201771;74841;40026;50130;25172;43144;74943;32691;32707;31759;20186;17963;11571
1811;1252760;97504;915735;605757;1190061;1330637;346479;140061;114780;67893;14967;9295;9779;8379;8744;8245;7016;11399;8030
1812;451604;54724;356259;542977;325716;291940;379304;172801;40004;61767;16938;7122;10124;8801;7396;3461;6157;4186;3423
1813;1145024;490446;1268238;506029;962029;601223;373840;760881;746529;54636;17987;434762;1048713;11671910;3942710;20785565;100548;1120970;5359
1814;911578;584732;468413;789166;77700;74169;69924;61108;50784;16232;14676;8223;8266;5221;3968;4828;4484;4265;2656
1815;2907516;1050184;1249536;1313905;911778;1377483;175816;446267;376633;34959687;568082;1042531;1192331;349571;190382;184406;3825982;496370;121834
1816;4277084;1144993;1307559;2098322;1561561;987833;291626;78193;33639;26571;18954;14302;10869;12323;7084;6732;6845;5863;5690
3867;2831037;156142;695801;1361821;1355651;1599928;424732;353072;46352;244915;26135;33840;19057;16103;25934;50275;36928;96472;114731
797;1286799;154965;598688;673662;1101437;919181;348662;163718;357599;28811;37148;23039;12230;7511;10667;6159;4627;4756;6957
3871;1161376;1341066;873755;1587548;1617758;1635225;240421;239146;60189;34379;11961;18269;15087;7470;10914;5945;9341;4578;4890
4898;206097;126515;6084;80813;34591;6769;2630;3731;4096;1235;1249;1077;656;777;857;353;674;870;333
3875;870947;829753;372084;580739;369122;147731;176699;104864;137777;68177;39185;330118;15577;57097;52398;64282;5918100;102044;58902
3877;3406202;761264;1034305;789368;831433;1202932;893905;323311;85216;37604;37014;53882;29294;17227;24285;24539;22748;707687;616962
3880;822056;658108;197194;201209;268437;11024;244607;52509;36576;9321;6872;4518;11887;5812;1202;2083;5318;3566;7917
4918;408610;374681;294158;239716;215511;288529;51120;88068;51965;9910;20576;11287;9082;10183;7318;5714;5550;2770;4669
4919;1696524;595406;1594288;1813861;2243710;2148669;116852;430395;104038;149605;289516;14196954;8525064;9021900;1197612;3943526;96090;1649140;8336513
4920;1166046;326947;615012;746432;564881;303978;314449;66052;35610;28103;22201;12555;11666;8799;7664;5628;6988;5747;8427
9031;633810;176059;733842;620459;131049;316019;101344;37526;23611;14750;15754;10300;10026;5675;5712;5800;5409;4518;3815
1864;1075871;197208;110176;211615;451466;150778;475915;21253;12125;9693;4356;4665;5314;3118;2110;2514;1581;1758;2097
9032;2060604;974690;1489857;1309480;1170280;1747380;504395;108116;94491;61880;32566;91074;380178;109347;138125;69629;226558;203275;75101
9033;416581;106262;183582;499760;481820;353037;665160;27445;32230;22299;6713;7111;6527;3504;2460;5374;2187;1932;1766
1872;2668936;707456;992980;682693;802625;1206074;846344;151212;67896;38994;28263;17554;8307;8080;9329;6384;5461;6365;6584
1880;682442;164957;708418;571108;540586;1005739;187035;76874;57530;22152;37012;54028;18991;22986;9855;7703;30749;16443;3589
1881;338690;401069;113591;1770271;400177;322699;59276;737975;10987;11363;3973;3617;5875;4615;3765;1679;2145;1718;1607
1882;101397;52416;104199;320448;404469;538765;341457;68890;15248;15076;12539;6352;3507;4869;2843;3043;2827;2606;1199
1883;311280;108788;114898;486511;75242;42531;12682;18237;8852;5180;3132;2187;2367;1359;3252;1760;1322;1063;1424
9051;994539;446954;460113;919536;672275;968039;286965;133556;35249;35753;28417;20917;20317;13846;14206;15684;9087;8096;9782
1884;22324826;34511813;15772421;1172534;1054942;642902;171395;50823;27726;15155;13008;12139;17588;11818;9666;34040;10054;15811;10265
1885;2197820;354790;379732;960376;889356;1287959;641058;810923;69533;107949;20003;21062;20380;13741;12436;7759;7537;5896;3475
1886;538702;36856;289322;596413;495720;751201;64945;118895;77601;28463;13397;8512;14825;9545;4419;7388;6344;2556;4023
7006;65026;47039;34605;238634;1341382;1274230;28529;26066;15053;9956;10813;11148;4456;4684;3215;3298;3283;3596;1857
1887;724426;579190;432864;494995;287484;308952;139866;99964;47571;54293;28370;43661;16369;27031;20317;14579;15415;13580;8231
1888;1045051;42540;218414;121873;443291;1010630;121201;65265;24297;16966;16490;5625;6089;5618;4542;5711;6725;4230;3955
1889;1182590;532787;200929;576860;425879;1075626;462643;180808;92913;214582;31836;19889;5326;11915;6321;3592;3376;3979;1344
1890;772065;342653;71496;426319;72040;27553;13833;22890;8060;7427;8919;3348;1678;1736;1293;1285;966;1540;1358
1891;3289235;426426;981955;746949;5149309;820274;711563;168739;179316;47100;58166;23673;22518;30300;45746;23353;17185;21677;13051
4964;471665;86037;175330;126992;424829;273581;145226;84033;15493;6799;5602;5946;3368;5232;3205;2408;2441;2228;1647
1902;303167;138570;16130244;17065564;249780;47221;87671;30711;14678;9693;16934;6964;6504;5471;9386;2915;3048;4542;7978
1903;1347055;626290;239108;616470;1823575;404170;59916;29233;29909;18941;12105;14629;8465;4794;6738;10391;8500;3977;5513
1904;1259285;326694;764017;971015;1478418;780083;136206;95191;85059;43444;100048;29920;29824;301493;133303;6913444;20586;57803;125306
1905;1126454;531268;831227;590982;410607;223465;316618;46362;18113;19657;16883;15259;15212;7410;9119;8864;5002;8224;7372
4991;668084;188298;97026;149856;136127;98688;558128;32612;13924;10459;5809;5709;4166;4253;3473;3494;3885;2222;1684
4992;141118;29954;24097;192584;54251;30004;21364;11404;7203;5462;1762;2196;1190;2374;2467;1621;1551;1580;1115
6016;1546646;374437;1403510;318332;460488;110543;98358;85166;38189;20871;16948;18179;15181;19873;14209;14249;19856;16200;28430
5015;944200;17623;11445;15632;946930;12357;4539;11950;1300;4851;2242;912;4288;643;1351;906;971;1623;907
5017;456382;103422;138692;310823;198793;340973;59814;22246;13300;4251;8540;6336;5593;6566;3076;1862;1136;1329;963
8095;1562904;796293;736229;888033;1356841;627090;523914;280161;170389;159465;56877;26283;29119;42268;39261;17834;12242;9774;9450
8096;2416884;642641;553833;716653;700946;1434842;417887;106972;123314;61442;26550;29972;17053;12899;17155;13021;12211;10705;12941
1955;3282643;961144;1036843;1962403;1575011;372920;568788;145116;52702;32600;20359;24558;15049;13801;17043;13947;9197;6260;9031
1956;1126153;186543;226141;377315;888097;200315;359712;212791;59943;52574;144218;66339;33062;25874;15013;14450;23358;10058;7997
8105;541313;46488;160493;433852;409235;242005;78421;40229;28447;20672;9451;8200;7047;3640;5821;4055;3488;2703;2860
1962;1994369;739063;595046;1100722;760563;401103;777399;248999;60296;48378;38026;42462;56132;23060;127246;32405;113213;115070;217039
5042;5293242;1239343;1563096;1288716;1103093;482243;2478554;814184;46081;37990;31368;22990;17434;23828;9121;10039;8978;8283;8421
5043;4452435;1175441;1201316;3078373;1881296;1917929;512308;206353;103266;84641;46754;62478;46294;47730;32123;26820;265101;35536;23084
8115;566636;271161;219998;524114;560288;495357;566643;339340;80331;38046;24376;18765;11996;20941;12626;16950;8931;5855;5300
8123;1522023;660481;1588407;1275903;1185519;1261588;303901;134199;20597;10038;7255;7918;7744;2738;4771;5487;5195;5180;1988
8124;1773584;437765;750431;1058806;469430;1502391;1093096;88737;93921;53272;14179871;11004444;16807;14652185;18102948;118095;27939955;16309;11731
8125;393203;82290;162487;241569;80997;106218;102215;89500;29851;20752;27771;8814;10111;9836;4867;11297;3641;3344;3379
8133;878007;39526;367464;437066;919435;205673;314208;280751;53983;33808;59447;17304;14936;11385;14174;10086;4385;5565;4760
8143;6085;7566;17595;9607;15045;6255;8556;5409;1892;1735;1312;862;1118;292;578;393;386;385;264
8144;686946;431887;638254;506892;1545283;853322;211282;648459;26236;348781;13306;12554;6350;7972;4121;2772;5828;2143;3700
8153;1580353;208167;372473;1065004;1266668;878990;939153;270829;274480;135543;53081;76601;21898;20973;34013;46490;20515;15698;34293
8163;648213;58728;369523;354653;790639;970967;300662;67170;66035;54882;12028;14189;10446;12904;10135;11855;6176;6413;5707
8164;558802;337106;1405170;509401;2323789;3619622;109332;317014;46748;53553;14161;14367;11798;5481;7220;10614;12376;5572;6590
8173;2248766;1759024;910078;2077941;2337766;282185;226784;89105;119834;59045;21314;48726;19198;13640;28098;20003;11496;10644;10496
3060;1736138;214840;1185174;1212331;1340851;1495788;855167;18516;11894;35878;12368;9002;7520;3043;4691;9785;3509;3985;3011
8181;1596696;364626;1123814;390853;737236;705855;403364;79454;90806;65177;28683;16800;11397;11307;9116;6195;5080;3264;4299
8182;497845;64232;19491;193932;360129;161725;271173;13665;13627;3465;3875;2715;2497;2714;2907;1811;1954;1658;1582
8183;1893385;992566;1193604;1649220;467540;453184;300364;400132;25073036;21612;36886;10331486;47520;19461;14258;9191;7491;8987;6276
8191;1165700;771343;1288155;2405500;912736;335377;198385;42748;39834;25338;17180;14408;12998;7913;11361;18009;12807;6371;6992
